id,code,ename,fcover,tpop,apop,gdp1,gdp2,gdp3,distpvc,distport,hwaylen,explen,plain,elev,prec,slope,temp,temp0,area,policy
1,360121,nanchangxian,3.10112373,93,74,2820.376344,9743.924731,3898.430108,21260.86,435763.2,28749.55,21419.86,0.922216,19,1569,0.07,17.5,6384.1,188635,0
2,360122,xinjian,39.2854666,67,59,2819.38806,6300.552239,5167.343284,33245.34,453378,13618.6,2173.066,0.666383,30,1521,0.33,17.2,6290,234934,1
3,360123,anyi,23.6652993,26,19,2101.153846,3967.923077,4868.307692,37650.58,489738.7,26491.12,8121.573,0.379204,70,1571,1.49,16.8,6136.3,65605,0
4,360124,jinxian,38.6581921,77,65,2386.662338,6313.792208,3502.142857,46479.27,407609.2,54049.56,16306.07,0.512833,28,1619,0.28,17.5,6423.5,194959,1
5,360222,fuliang,265.250505,27,23,2199.148148,3453.925926,2632.703704,168570.3,366528.5,129787.8,11673.83,0.087788,190,1758,2.91,16,5856.9,329200,0
6,360281,leping,100.085463,82,66,1416.134146,4476.182927,3060.060976,134398.8,350229.9,136160.3,13042.65,0.354071,76,1758,1.17,17.2,6293.6,197469,0
7,360321,lianhua,74.1796868,25,22,1779.12,2168.72,2230.12,145459.7,456557.5,117726.4,2832.978,0.770321,415,1597,4.05,15.8,5798.9,106237,0
8,360421,jiujiangxian,28.6931678,34,28,1678.5,2847.676471,1395.823529,117997.4,479233.4,10452.38,16496.65,0.521064,63,1560,1.14,16.7,6123.9,90523,0
9,360423,wuning,268.3796168,37,30,2268.513514,3056.648649,1918.081081,112969,565695.3,74951.08,25472.63,0.216208,334,1505,4.78,15.1,5544.1,367767,1
10,360424,xiushui,327.317427,81,68,1219.320988,1496.049383,1608.481481,144045.5,584131.4,127865.9,65811.29,0.100323,377,1591,4.59,15,5494.5,433093,1
11,360425,yongxiu,75.1137477,37,27,1935.027027,3713.513514,2621.783784,55455,494856.4,889.1917,5703.932,0.496787,87,1502,1.54,16.6,6072.2,202176,0
12,360426,dean,59.50619129,16,11,1633.75,6457.5,2576.8125,89127.61,516421.3,15470.89,14307.33,0.178494,116,1485,1.92,16.3,5984.5,92628,0
13,360427,xingzi,19.800482,24,21,1350.708333,2136.666667,1785.541667,78095.13,480825.7,14250.17,7044.103,0.456551,112,1486,2.15,16.7,6095.5,72729,0
14,360428,duchang,54.9182676,75,66,949.4533333,1041.906667,1195.946667,88586.58,452304.3,41731.65,24786,0.422535,54,1472,0.98,16.9,6192.5,198116,1
15,360429,hukou,12.502592,28,23,1783.357143,2964.071429,1519.428571,121264.6,463365.2,29369.92,20610.89,0.269461,52,1499,0.94,16.8,6143.5,67073,0
16,360430,pengze,73.976736,35,31,1769.457143,2074.885714,1738.314286,148808.1,443169.7,61330.29,30120.57,0.443432,104,1483,2.04,16,5852.6,154158,1
17,360481,ruichang,69.353543,43,32,1349.302326,4098.651163,1677.093023,116060.1,531240.9,35906.39,26520.28,0.197173,199,1500,3.68,15.8,5779.4,142305,1
18,360521,fenyi,89.0976628,31,21,2352.290323,5865.774194,2488.709677,153270,515896.5,139075.6,25008.58,0.219178,171,1622,1.99,16.7,6115.2,138800,0
19,360621,guixi,168.6157787,54,43,1840.851852,14437.18519,4159.296296,140446,315980.7,147960.9,19900.87,0.319388,215,1817,3.16,16.9,6204.3,247827,0
20,360622,yujiang,38.33193,36,29,1818.888889,1722.222222,1139.055556,105845.2,349950.1,113389.8,3814.192,0.404482,64,1707,0.75,17.3,6341.3,93843,1
21,362121,ganxian,229.203252,58,49,1563.534483,2767.327586,1644.741379,318983.4,349692.3,296383.6,1112.238,0.03439,282,1485,2.94,18.3,6696.2,299088,0
22,362122,nankang,109.6526149,81,72,1320.061728,2177.617284,2101.901235,307572.2,331533.6,274128.7,20248.92,0.166666,244,1470,1.84,18.1,6633.6,184439,0
23,362123,xinfeng,202.304209,69,57,1691.304348,2353.666667,2278.565217,297291.4,287724.9,251037.5,180.8409,0.143105,284,1558,2.16,18.4,6739.5,287875,0
24,362124,dayu,99.288889,29,21,1994.206897,4744.137931,3670.551724,281476.8,273765.6,257823.6,1987.903,0.243636,391,1567,3.76,17.3,6340.6,137220,0
25,362125,shangyou,112.55833,29,25,1818.413793,1901.103448,1682.827586,282884.1,327349.5,247182.2,37537.59,0.028664,454,1518,4.45,17,6212.8,153973,0
26,362126,chongyi,184.306591,20,16,2036.15,4462.15,2675.65,297389,290595.5,268650.2,32393.5,0.022675,556,1561,5.18,16.2,5923.2,219897,0
27,362127,anyuan,205.73383,35,30,1856.914286,965.9142857,1853.114286,325825.5,315428,255965.2,27636.39,0.052675,434,1627,3.12,17.4,6378.2,237519,0
28,362128,longnan,132.789049,31,26,2001.451613,4408.935484,3273.967742,238685.7,228629.3,190558.4,3131.815,0.177899,450,1649,3.5,17.2,6301.8,164084,0
29,362129,dingnan,115.135024,20,17,1817.95,2745.4,2743.2,271027.4,260250.1,207492,30383.55,0.073708,411,1652,2.71,17.6,6438.1,131592,0
30,362130,quannan,126.210276,18,13,2324.333333,3407.333333,2677.555556,231297.5,222291.3,199502.2,29977.37,0.158552,423,1636,3.46,17.4,6370.2,152107,0
31,362131,ningdu,297.36933,74,64,1742.459459,2033.945946,1892.513514,221766.5,353905.6,221633.4,23165,0.121818,366,1671,3,17,6216,404952,0
32,362132,yudu,185.158155,96,76,1093.927083,1833.114583,1579.96875,299744.6,382149.4,297561.5,5927.963,0.11388,290,1561,3.16,18.3,6685.1,289170,0
33,362133,xingguo,245.28279,75,64,1795.173333,1630.64,1469.266667,256266,405052.3,253469.6,10133.49,0.119863,370,1517,3.4,17.4,6347.5,321030,0
34,362134,ruijin,178.201319,62,51,1325.725806,1745.322581,2734.564516,303140.7,341051.6,302809,4089.624,0.135787,335,1643,2.58,17.8,6509.6,244646,0
35,362135,huichang,218.84841,46,39,1759.978261,1283.934783,1687.847826,345549.9,363229.3,269559.8,188.5711,0.074386,366,1636,2.83,18,6596.8,272606,0
36,362136,xunwu,196.106783,30,26,2336.166667,1327.533333,2247.066667,312736.1,301502,210234.6,3516.502,0.075626,488,1663,3.67,17.5,6410.1,231224,0
37,362137,shicheng,103.2077883,30,25,1812.366667,1132.5,1313.466667,264256.9,314307,265620.2,934.1097,0.185768,404,1655,3.09,16.8,6138.3,158533,0
38,362202,fengcheng,103.894851,132,99,1803.333333,3636.363636,2893.939394,63880.92,421634,63058.82,11144.53,0.410049,75,1585,1.09,17.2,6297.2,284542,1
39,362203,zhangshu,31.151728,54,39,2348.296296,6221.444444,3274.703704,89209.52,456394.6,82224.31,8262.001,0.51944,61,1605,0.82,17.3,6354.4,128305,0
40,362204,gaoan,98.831643,79,59,1799.620253,3061.101266,2410.025316,70297.73,484742,59612.6,2242.167,0.358135,70,1586,0.74,17.3,6337.6,244356,1
41,362226,fengxin,105.7331957,31,22,2370.935484,6040.677419,1988.935484,74546.33,513424.3,62578.89,32793.96,0.195269,307,1596,3.87,15.6,5704.7,164314,1
42,362227,wanzai,120.372443,48,41,1580.958333,2857.416667,1745.9375,135362.3,557507.3,106742.7,18746.57,0.174193,285,1686,3.01,16,5864.2,171109,1
43,362228,shanggao,68.019556,35,23,2594.285714,4804.857143,3081.428571,124692.7,515769.5,113848.3,10908.66,0.312869,110,1655,1.62,17,6235.7,134944,0
44,362229,yifeng,146.2538179,28,18,2607.142857,3760.714286,2382.142857,110326.7,531119.8,98438.19,24490.32,0.150543,247,1677,2.91,16.2,5939.8,193374,0
45,362232,jingan,111.0121181,14,9,2013.142857,4208.214286,2902.5,73643.04,525098.4,53238.67,36283.38,0.342276,464,1599,6,14.5,5308.6,137795,0
46,362233,tonggu,140.115774,13,10,2169.230769,3771.538462,2705.384615,145581.5,573160.3,118585,51107.6,0.031674,479,1724,4.64,14.5,5312.3,155483,0
47,362302,dexing,164.5693336,31,20,1561.935484,9187.516129,4084.322581,187477.6,298605,190498.4,47746.56,0.121892,239,1797,3.84,16.1,5907.7,208257,0
48,362321,shangraoxian,188.5320446,74,67,846.4324324,2536.418919,1615.256757,210863.1,258198.2,218523.6,23272.37,0.080321,344,1781,3.95,16.2,5932.2,248811,1
49,362322,guangfeng,89.3725611,83,68,1272.445783,5579.156627,3629.722892,229232.3,238595.1,236803.9,21207.72,0.261504,318,1687,3.26,16.2,5948.4,137216,1
50,362323,yushan,112.85503,56,41,992.5357143,2533.053571,1575.928571,214620.4,262206,220268.5,15999.86,0.020254,328,1731,3.77,16,5845.9,173167,0
51,362324,qianshan,167.5998994,42,35,1643.095238,2708.738095,2482.119048,185842.4,285639.2,193505.7,31353.83,0.144363,430,1899,5.47,16.3,5981.3,217862,0
52,362325,hengfeng,45.2636575,21,17,1169.52381,2663.333333,1707.142857,167420,300911.3,174890.3,13499.16,0.11145,221,1834,3.15,17,6224.4,65459,0
53,362326,yiyang,110.047584,37,31,1571.162162,2735.135135,1814.27027,146512.3,321286,154113.4,7900.398,0.320253,152,1824,2.38,17.3,6320.8,159009,1
54,362329,yugan,49.3300621,92,82,1568.01087,1252.173913,1013.51087,64460.65,406079.8,70702.7,31396.54,0.632372,29,1647,0.32,17.4,6392.5,233204,1
55,362330,boyang,141.4398067,146,128,1124.109589,884.8287671,1056.938356,110016.3,404624.3,86921.3,31983.78,0.452641,55,1619,0.74,17.1,6259.3,420024,1
56,362331,wannian,64.0742372,37,29,1589.162162,2617.27027,2277.756757,107976.3,362332.2,114711.4,6350.815,0.304119,89,1732,1.34,17.1,6263.2,113733,1
57,362334,wuyuan,249.3011293,34,28,1356.823529,3446.705882,3392.147059,198350,314048,180191,42041.01,0.029901,275,1801,3.31,15.5,5686.9,294775,0
58,362402,jinggangshan,55.5999529,15,11,1635.866667,3355.666667,4999.4,222284.1,379907.2,188600.5,7649.319,0.069381,700,1517,6.59,14.6,5356.4,66176,0
59,362421,ji'anxian,172.736797,44,37,2017.727273,3155.681818,2113.863636,205940.9,461385.2,190440.3,17540.26,0.065738,145,1537,1.41,17.7,6460.9,308858,0
60,362422,jishui,167.64193,49,39,1728.367347,2202.306122,1689.387755,175783.2,444746.2,170426.5,3679.716,0.185724,146,1584,2.1,17.4,6352.2,274819,0
61,362423,xiajiang,82.5341577,17,12,2802.352941,2633.823529,2476.764706,137502.8,456190.5,131019.9,12621.05,0.195804,112,1642,1.69,17,6199.5,128973,1
62,362424,xingan,62.516809,31,24,2440.387097,2956.096774,2398.387097,109455,433154,104971.6,10280.74,0.346153,144,1615,2.48,16.8,6132,124489,0
63,362425,yongfeng,194.344226,42,34,1999.833333,3138.071429,2072.095238,174359.2,402108.6,171790.2,45415.88,0.131627,246,1663,2.52,16.9,6183.2,269375,1
64,362426,taihe,155.975618,52,44,2446.692308,3201.019231,2345.019231,238213.8,425467,216296.8,1396.43,0.052375,186,1494,1.93,17.7,6484.8,266976,0
65,362427,suichuan,215.379818,54,49,1112.12963,1815.092593,1918.277778,253282.7,373986.4,221368.8,4364.672,0.014539,450,1462,4.41,16.6,6080.4,310299,1
66,362428,wan'an,139.0042295,30,25,1669.833333,1537.5,1685.666667,263017.8,394268.3,234139.7,20147.53,0.00782,220,1444,2.53,17.9,6546.4,204611,0
67,362429,anfu,181.458143,38,30,2322.631579,3280.026316,2278.552632,166418.9,479809.2,143770,42887.33,0.37196,312,1573,3.76,16.2,5954.2,278858,0
68,362430,yongxin,142.926208,48,40,1547.083333,1842.708333,1644.916667,179190.5,434256.3,150521.3,2701.602,0.289222,311,1579,3.43,16.6,6092.4,219633,0
69,362522,nancheng,117.1544556,30,24,1947.933333,3122.2,3242.333333,145183.1,320239.7,150543.2,4243.188,0.134196,202,1724,2.25,16.9,6204,169721,0
70,362523,lichuan,136.9759068,24,19,1687.5,2177.083333,1760.416667,182429.7,284566.4,188012.6,16272.1,0.085747,303,1784,3.1,16.7,6120.9,172825,0
71,362524,nanfeng,146.690905,28,22,2732.142857,2953.107143,3566.178571,179383.4,317197.9,182875.9,1093.639,0.150884,254,1731,2.52,17.1,6258.1,192291,0
72,362525,chongren,95.8478717,33,27,2100.272727,3352.30303,2435,107228,384131.5,108546.3,44871.33,0.206192,141,1713,1.74,17.1,6251.8,151708,0
73,362526,le'an,174.5724345,36,27,1305.555556,1286.111111,1519.444444,142373.5,383892.3,141843.3,58074.11,0.11548,288,1758,3.14,16.3,5981,241545,0
74,362527,yihuang,153.3121761,21,18,1633.333333,2392,1652.761905,143314.5,351728.7,145790.7,29158.53,0.092687,358,1737,4.44,16.2,5923.3,194232,0
75,362528,jinxi,76.2279109,28,23,1581.392857,2428.571429,2053.714286,116136.3,337972.3,122705.1,132.3446,0.227876,126,1737,1.56,17.3,6343.2,135745,0
76,362529,zixi,112.5408996,11,8,1651.636364,3217.363636,2544.636364,149760,304319,156406.2,3557.997,0.03763,433,1852,4.91,15.7,5745.1,125163,0
77,362531,dongxiang,60.9235963,43,31,1606.813953,3583.767442,2684.046512,84603.12,368252.2,91604.02,6428.954,0.308681,79,1651,0.95,17.3,6330.3,124397,1
78,362532,guangchang,123.4772877,24,20,1038.666667,1182.75,1383.291667,216115.9,319880.3,218033.8,3767.263,0.237946,314,1701,2.87,17.1,6251.4,159543,0
79,510121,jintang,8.64854,86,73,2596.534884,2091.069767,4730.965116,52070.64,1117675,32985.76,34673.41,0.000867,497,910,1.3,16,5865.2,115285,1
80,510122,shuangliu,7.841889666,93,74,2173.849462,12124.11828,16044.74194,21334.16,1113684,19919.35,205.6485,0,508,955,0.66,16,5858.6,110225,0
81,510123,wenjiang,0.29575656,34,20,2467.411765,16865.82353,16085.17647,22497.63,1146418,29673.24,13035.53,0,552,933,0.2,14.8,5425.4,27800,0
82,510124,pixian,0.43359337,52,38,2233.596154,14955.59615,6520.538462,30589.89,1161548,29242.57,451.9462,0,566,962,0.22,14.6,5368.2,43860,0
83,510125,xindu,3.3972183,65,51,1892.846154,13886.93846,12678.64615,20004.55,1148211,7388.704,5955.342,0,511,902,0.2,15.5,5705.5,47804,0
84,510128,chongqing,25.5720623,67,57,2210.044776,4056.835821,5612.164179,42228.74,1157689,48506.59,23752.1,0,1030,1033,4.84,12.2,4561,108919,0
85,510129,dayi,49.813279,51,43,2536.019608,4021.45098,6158.980392,69496.35,1165444,76680.89,29711.32,0,1193,1061,5.72,11.6,4368.3,121195,1
86,510130,qionglai,50.99959187,65,55,2243.446154,3794.461538,5815.138462,67904.45,1137920,73411.53,2890.683,0,713,1185,2.6,14.1,5172.5,138122,1
87,510131,pujiang,13.3994041,26,22,3232.692308,4564.923077,5825.5,72197.22,1117129,75927.35,14060.52,0,575,1270,1.23,14.7,5393.6,58277,0
88,510132,xinjin,2.26041063,30,24,2396.233333,10144.73333,11198.86667,34963.02,1121854,38518.14,1942.504,0,482,1031,0.46,15.9,5815.4,33077,0
89,510181,dujiangyan,62.3811672,61,43,2057,5755.557377,11239.18033,62813.79,1194028,58146.1,9724.362,0,1310,1123,7.03,10.8,4099.1,120819,1
90,510182,pengzhou,58.44903867,78,66,2631.807692,5056.205128,6212.346154,48630.45,1180313,37793.14,23579.15,0.014788,1285,1003,6.62,10.8,4154.3,141727,1
91,510321,rongxian,27.003536,69,60,2322.391304,2203.057971,4166.898551,142303.1,996894.2,41487.88,34455.36,0,446,1037,0.92,16.6,6070.9,195461,1
92,510322,fushun,12.2331093,104,87,1954.509615,2069.855769,3460.942308,159656.9,936468.4,31015.97,36521.92,0,323,1090,0.74,16.5,6041.5,159479,1
93,510421,miyi,141.2935532,21,18,2593.238095,5969.666667,6465.238095,228390.3,947626.4,211131.3,26459.7,0,1858,1107,10.24,15,5474.6,213537,1
94,510422,yanbian,199.39491,20,17,1957.65,17894.5,3571.25,247742.3,986839,212264.4,75355.91,0,2056,1057,10.53,13.8,5030.9,292632,1
95,510521,luxian,13.1087196,106,96,1941.207547,2120.5,3285.537736,116698.3,912129,34056.89,6146.396,0,335,1142,0.8,16.6,6064.5,218686,1
96,510522,hejiang,79.05858056,87,77,1696.482759,1747.83908,2973.655172,106182.7,862864.8,66812.59,48269.69,0,531,1160,3.57,16.1,5908.7,240904,1
97,510524,xuyong,158.6414152,68,60,1390.088235,982.8235294,2236.279412,189859.3,819293.2,136314.1,2158.012,0,918,1126,5.21,14.4,5294.1,297523,1
98,510525,gulin,169.044903,81,72,1053.925926,1131.851852,1962.975309,180641.2,790535.2,104438.9,35399.62,0,1045,937,5.25,14.5,5304.8,318583,1
99,510622,mianzhu,53.732822,51,41,2956.862745,14898.29412,10090.80392,89626.81,1208930,36465.21,34346.9,0,1352,1040,7.4,10.6,4045.3,124510,0
100,510623,zhongjiang,14.2227732,142,124,2373.211268,1769.169014,3313.802817,65231.12,1135639,28811.22,32816.34,0.013642,483,949,1.06,15.8,5804.3,219904,1
101,510625,shifang,34.333147,43,34,3095.093023,15899.2093,10604.7907,61370.92,1187423,35776.07,32149.32,0.004419,1365,995,6.82,10.1,4020.7,90772,1
102,510681,guanghan,0.95756607,59,47,2514.186441,7453.169492,8720.118644,42089.23,1151593,661.3528,3023.996,0,484,909,0.26,15.9,5840.9,50832,0
103,510722,santai,30.5849391,146,131,1965.60274,1192.808219,2815.80137,105344.5,1138947,58130.43,47491.65,0.054449,454,960,0.89,15.7,5752,265614,1
104,510723,yanting,34.5590581,60,54,2706.283333,993.4166667,2795.55,147179.3,1146366,91620.05,40875.05,0,480,975,1.54,15.8,5774.3,197036,0
105,510724,anxian,56.8203878,50,43,2915.56,2967.1,4262.9,109623.4,1214404,38768.7,28343.75,0.075876,936,1129,4.9,13.2,4842.1,139621,1
106,510725,zitogn,28.461649,38,34,2707.236842,1366.315789,3603.236842,148682.7,1181381,79330.71,6767.426,0.018143,571,1013,1.73,15.9,5821.9,143233,1
107,510726,beichuan,185.9955571,16,16,2178.125,2757.9375,3290.875,149325.9,1258231,83005.12,68965.69,0,1733,1118,12.14,9,3452.4,286863,1
108,510727,pingwu,310.74444,19,17,2147.210526,3195.947368,3253.842105,189565.1,1284824,118298.2,71027.21,0,2122,822,12.29,7.2,2991.5,595870,1
109,510781,jiangyou,108.3549295,88,64,1991.738636,6163.329545,7577.113636,169111.3,1231903,92361.43,31877.61,0.14581,875,1070,4.85,13.4,4910.4,271309,1
110,510821,wangcang,167.03288,46,35,1624.76087,1829.23913,2878.108696,290517.1,1185397,219932.9,39325.87,0.008168,1076,1253,7.77,12.3,4530,294233,1
111,510822,qingchuan,107.2630766,25,21,1780.96,1077.44,2654.6,223376.7,1263445,146741.8,34737.93,0.005105,1281,823,8.4,11.6,4287.9,293310,1
112,510823,jiange,103.0110925,67,60,1632.567164,788.4328358,2450.776119,194192.4,1213296,120896,6768.353,0,668,1053,3.16,15.6,5711.2,309275,1
113,510824,cangxi,50.6413967,77,63,1738.402597,867.4025974,2460.298701,238672,1191701,172311.4,15112.66,0,651,1164,3.71,15.5,5667.9,235334,1
114,510921,pengxi,23.00855674,76,59,1972.513158,1022.302632,2683.5,134027.2,1044941,107979.7,4105.569,0.02393,368,968,0.78,15.9,5802.3,197256,1
115,510922,shehong,30.1847628,100,75,1685.35,4595.46,4588.03,131463,1106608,96412.27,32487.62,0.082054,409,947,1.17,15.8,5774,149612,1
116,511022,lezhi,12.004018,87,72,1914.885057,1477.83908,2819.954023,106622.8,1045860,44365.14,203.5627,0.134338,430,992,0.65,16.1,5892.4,146235,1
117,511023,anyue,6.9808508,154,139,2067.149351,1213.512987,2455.922078,125359.6,1014738,54929.68,4833.839,0.001874,371,1068,0.77,16.1,5889.2,266170,1
118,511024,weiyuan,31.091882,74,60,1664.675676,6249.824324,4840.040541,128942.3,1003992,23455.85,25516.09,0,494,1021,1.59,16.5,6051.7,128535,1
119,511025,zizhong,11.659486,132,116,1498.151515,1586.818182,2644.643939,115882.1,1017716,7712.357,5165.493,0.008576,416,1046,0.5,16.4,5979.1,175136,1
120,511027,jianyang,16.3690261,142,122,1780.232394,2961.887324,3388.15493,54560.23,1084957,5077.402,938.0386,0.029213,453,890,0.64,16.3,5940.4,221779,1
121,511028,longchang,6.0166924,77,66,1300.87013,3339.532468,3682.597403,127773.6,953797.3,283.8427,3483.177,0,372,1114,0.59,16.3,5969.8,78690,1
122,511121,renshou,35.484947,156,145,1912.685897,2275.685897,3127.596154,73034.13,1062801,35608.09,7064.939,0.129984,454,990,0.79,16.4,5992.7,260912,1
123,511123,qianwei,23.3601765,57,48,1797.157895,3331.017544,2921.54386,157626.9,1005470,84126.3,3422.387,0.090842,439,1176,1.19,16.5,6062.2,136839,1
124,511124,jingyan,4.4273503,41,37,2191.121951,1979.365854,2624.219512,109872.7,1036168,56501.21,220.5339,0.187425,426,1066,0.38,16.4,6015.8,84546,1
125,511126,jiajiang,26.674182,35,30,2452.171429,5636.8,5615.285714,107353.5,1072362,98106.52,47955.02,0.239247,544,1431,2.31,16.5,6023.6,74636,1
126,511127,hongya,95.412808,35,31,2494.828571,4394.857143,2830.228571,151961.5,1080009,149574.4,30895.96,0.057435,1275,1465,6.55,12.4,4565.7,195096,1
127,511128,pengshan,7.0034423,33,27,2159.242424,7220.666667,3242.333333,50382.14,1103017,51437.48,17349.6,0,473,1063,0.65,16,5855.3,46124,0
128,511129,muchuan,59.7192956,26,23,1880.192308,2905,2968.038462,183884.3,991952.5,101335,9387.345,0,707,1155,5.49,15.3,5598.5,140673,0
129,511130,qingshen,7.3240701,20,17,1910.95,4204.45,4491.35,95904.45,1062316,73585.51,27679.07,0.005167,429,1187,0.82,16.6,6056.7,38534,0
130,511131,danling,8.6760147,16,13,2441.0625,3132.5625,3689.375,96323.16,1102622,99212.53,22970.83,0,616,1413,2.13,15.7,5757.3,44903,1
131,511132,ebian,156.5374858,15,12,1596.133333,5037.2,4328.066667,202087.4,1027317,159641.5,56711.71,0,1899,981,11.8,9.2,3497.1,240428,1
132,511133,mabian,158.8723381,19,17,1768.684211,1546.105263,2796.631579,216985.5,983092.8,135044.8,34747.2,0,1464,973,9.93,11.4,4216.7,236766,1
133,511181,emeishan,61.929631,43,30,1931.023256,7573.627907,7853.186047,142548.5,1056741,123421.2,42176.84,0.184482,1050,1538,6.93,14.3,5250.1,116190,1
134,511321,nanbu,17.36043344,126,113,1838.698413,2151.357143,2945.277778,194681.6,1119810,149924.7,11258.34,0.034725,409,1083,1.15,15.7,5763.8,198368,1
135,511322,yingshan,16.5167268,91,83,1477.769231,1244.923077,2596.912088,182847.3,1097156,187659.9,41218.43,0,423,1176,2.19,15.8,5786.8,163412,1
136,511323,peng'an,6.9869136,69,59,1571.898551,2007.333333,2975.014493,167002.4,1090077,170351.9,27334.01,0.12282,393,1122,1.52,15.9,5804.2,132072,1
137,511324,yilong,21.41525919,108,97,1485.75,858.5555556,1982.342593,215300.3,1132228,200027.3,49212.2,0.006466,462,1168,2.03,15.8,5780.8,170062,1
138,511325,xichong,11.14314223,64,56,1514.09375,1107.0625,2563.5625,178137.1,1107943,136673,2465.563,0,397,1003,0.97,15.8,5802,111098,0
139,511381,langzhong,20.9857192,86,65,1600.686047,2141.511628,3287.965116,220147.5,1160690,160180.2,13190.3,0.018837,478,1111,2.16,15.8,5809.8,186564,1
140,512501,yibin,14.0018392,100,90,1813.7,2034.61,19023.77,195267.4,919413.4,58070.21,60686.16,0.028648,365,1130,1.63,16.8,6159.3,111644,0
141,512527,yibinxian,85.563655,100,90,1813.7,2034.61,3276.47,192861.4,954562.3,59147.49,39055.54,0.024219,457,1104,2.13,16.5,6047.1,313922,1
142,512528,nanxi,7.2517185,41,36,1774.073171,2237.073171,3605.853659,170179.9,918318.8,49298.95,39582.71,0,353,1125,1.4,16.6,6097.7,69607,0
143,512529,jiang'an,23.73590363,54,51,1714.166667,1416.888889,2853.814815,168501.3,889757.9,76239.8,21805.76,0,390,1213,1.64,16.5,6055.4,90768,0
144,512530,changning,24.08899989,44,40,1861.181818,2477.931818,3657.409091,191412.5,885594.4,86179.88,37116.38,0.001018,425,1178,2.78,16.5,6051.3,98439,1
145,512531,gaoxian,45.690122,51,48,1613.529412,2690.196078,2871.313725,222665.3,897292.9,93116.33,61293.21,0,514,1090,3.2,16.7,6111.4,131647,1
146,512532,junlian,50.4354077,40,36,1685.35,2886.475,3188.1,253871.8,857310.6,141807.5,60374.8,0,817,1076,5.23,15.4,5641.6,125344,1
147,512533,gongxian,58.6190346,42,32,1236.666667,2367.714286,3195.880952,228636.2,864217.8,121205.1,60505.29,0.018356,726,1132,5.38,15.5,5684.5,114662,0
148,512534,xingwen,64.354393,45,41,1481.022222,1498.755556,2622.577778,207331.7,841235.8,130490.5,26934.45,0.011687,714,1239,5.08,15.1,5537.4,137875,1
149,512535,pingshan,77.0301623,30,27,1383.2,689.9666667,1757.266667,221362.6,944368.6,99428.21,8653.22,0,905,1020,7.97,14.7,5389.2,144024,1
150,513002,wanyuan,234.01841,57,51,2089.666667,2040.736842,3380.105263,266548.4,1058206,249325.4,1031.679,0,1019,1219,7.97,12.1,4440,407821,1
151,513021,daxian,69.2393463,128,110,2083.046875,2217.992188,3368.328125,189937.8,1051504,196731.3,4171.787,0.024117,477,1233,3.53,16,5866.5,286540,1
152,513022,xuanhan,191.9010167,120,108,1928.225,1442.691667,3054.8,250091.2,1077256,256910,15098.36,0,777,1236,6.42,14.1,5164.5,426901,1
153,513023,kaijiang,23.7884586,57,48,2222.315789,1490.912281,3440.280702,211522.6,1030075,218784.8,38760.17,0.081553,599,1277,3.41,15.6,5708.7,102757,1
154,513029,dazhu,59.9243025,107,92,2224.401869,2995.682243,4107.831776,145127,1032870,151887.4,4344.311,0.011073,499,1222,3.21,15.7,5749,208341,1
155,513030,quxian,52.9081484,140,123,1509.371429,1572.335714,2461.214286,166188.2,1069364,172002.8,18057.98,0.044103,380,1183,2.12,15.9,5807.9,201767,1
156,513122,mingshan,14.5378507,27,25,2343.888889,1892.333333,2790.222222,99770.75,1122943,104098.8,3023.505,0,712,1419,1.91,13.4,4931.3,61764,1
157,513123,yingjing,132.562872,15,12,2155.133333,6369.933333,5701.2,172083.6,1120147,176270.6,249.8725,0,1746,1247,9.78,9.5,3559.7,176745,1
158,513124,hanyuan,98.87582,32,30,2289.6875,1676.5,2948.8125,190997.3,1093213,193905.1,2609.165,0.044097,1961,935,12.35,10.2,3796.8,217233,1
159,513125,shimian,184.321172,12,8,2589.5,10482.5,6768.416667,231905.3,1096286,233315.4,3978.029,0.006728,2438,892,14.9,7.5,3013,267822,0
160,513126,tianquan,120.46714,15,13,2419.733333,5098.866667,4469.4,153249.2,1157055,158868.1,7626.525,0.066917,2053,1400,12.13,7.5,3032,239508,1
161,513127,lushan,50.713618,12,11,2315.25,3866.083333,3235.5,100267.3,1162661,106721.1,35929.32,0,1900,1200,11.42,8.3,3329.9,125563,1
162,513128,baoxing,136.83546,6,5,2863.833333,7408.666667,4922.333333,127053.4,1191942,134121.9,37222.41,0,2813,1003,14.24,4.3,2126.1,311277,1
163,513221,wenchuan,225.6119724,11,7,1385.545455,17575.90909,7195,89778.82,1209647,89750.75,2863.149,0,2979,1037,15.96,2,1708.4,408413,1
164,513222,lixian,203.791781,5,4,1253.6,7111.6,4296.8,142617.7,1271419,136011.3,14007.71,0,3671,868,15.82,0.9,1315.5,431946,0
165,513223,maoxian,195.768132,11,9,1196.363636,3460.818182,4552,142677.8,1271106,99844.2,42587,0,3011,1004,14.58,2.6,1735.5,385598,1
166,513224,songpan,278.8638744,7,6,1992.857143,2257.571429,7461.857143,234227.4,1354612,182639.3,85060.72,0,3583,764,9.74,0.7,1269.4,836425,0
167,513225,nanping,198.135084,6,5,1540.833333,4374,19163.83333,302644.9,1281150,239905.2,66640.16,0.001322,3174,605,13.17,1.9,1618.9,528988,0
168,513226,jinchuan,236.6938861,7,6,1277.142857,982.2857143,2601.428571,239865.4,1334762,240095.8,70459.88,0,3803,700,11.5,2.4,1604.6,542736,0
169,513227,xiaojin,220.04735,8,7,1196,1271.25,3151.625,157618.7,1261198,158524.6,22863.64,0,3931,700,13.07,1.5,1410.5,556907,1
170,513228,heishui,197.4868914,6,5,1436,3245.166667,3546.5,185736,1317919,159540.3,37129.02,0,3569,825,12.61,1.7,1459.7,409964,1
171,513229,maerkang,321.5119427,5,3,1330,2348.6,12012.2,257246.5,1371875,254479.2,58217.32,0,3816,759,11.54,1.6,1396.8,663670,1
172,513230,rangtang,217.8532081,4,3,1959.5,581.25,3449.75,329387.2,1426976,328128.7,87614.23,0,4075,690,8.17,0,1132.1,660177,0
173,513231,aba,221.1232583,6,5,2642.833333,604.5,2872.333333,341526.7,1455999,317281.5,64948.11,0,3807,733,5.59,0,1155.8,1013007,0
174,513232,ruoergai,136.06383,7,6,3838.142857,958,3189.428571,275254.5,1334474,318560.2,13212.62,0,3522,702,3.34,0.4,1244.3,1018222,0
175,513233,hongyuan,93.373588,4,3,3439.5,1339.5,4078,267149.4,1399102,237546.8,11932.91,0,3753,762,3.31,-0.1,1080.6,838852,0
176,513321,kangding,415.983077,11,7,1060.636364,7709.636364,10596.72727,230252,1200288,236379.3,1141.544,0.05067,4003,858,12.29,-0.3,1020.6,1147602,1
177,513322,luding,96.964847,8,6,871.25,2134.375,3361,207244,1156171,212452.1,7967.677,0,3129,957,17.38,3,1996.5,216512,1
178,513323,danba,205.610006,6,5,960.1666667,1900.5,4132.5,212683.5,1274307,216985.7,9361.473,0,3808,635,14.3,2.7,1707.8,465950,1
179,513324,jiulong,326.66161,6,5,927.6666667,9825.166667,6026.166667,309140,1116199,311203,60809.61,0,3854,953,14.49,2.4,1509.9,676497,0
180,513325,yajiang,375.54841,4,4,1286.25,949.5,3985.5,307916.8,1238913,314146.2,11044.78,0,3978,732,10.61,1.9,1439.4,801039,0
181,513326,daofu,194.374154,5,4,1096,802,3360.4,267017.3,1287039,273058.4,10133.73,0,4103,639,9.6,1,1268.6,670637,1
182,513327,luhuo,114.830541,4,4,1792,465.25,3383.5,331358,1388687,333655,9704.591,0,4023,677,8.13,1.6,1404.3,459977,0
183,513328,ganzi,121.9291833,6,5,1656,341.1666667,3101.833333,428974.4,1479276,430617.4,20222.23,0,4292,647,7.22,-0.5,1026.2,731768,1
184,513329,xinlong,205.74008,4,4,1608.5,432.75,4580.25,365333.7,1378995,369932.1,57646.7,0,4279,636,8.66,0.1,1090,867550,0
185,513330,dege,431.83584,7,6,1374.714286,363.8571429,1764.428571,510329.6,1553557,511714.2,20654.43,0,4265,625,7.52,-0.4,1005.1,1103574,0
186,513331,baiyu,329.198038,4,4,1956,1132.25,8233.25,452500.8,1446007,457017.8,73368.52,0,4294,611,8.61,0.5,1163.7,1038172,1
187,513332,shiqu,196.6842806,7,6,1516.857143,222.5714286,2549.142857,496965.4,1693592,621037.9,63951.12,0,4498,560,4.73,-3.3,653.3,2093828,0
188,513333,seda,149.5720547,4,3,1690.75,516.75,3181.25,411095.7,1495998,410336.4,83774.86,0,4236,662,5.57,-1.1,968.4,798346,0
189,513334,litang,377.94277,5,5,2038.6,729.2,3861.2,404766.3,1314254,411346.8,26339.83,0,4353,656,7.33,0.7,1164.7,1505083,1
190,513335,batang,301.6938553,5,4,1164.2,2716.2,2897.4,468489.4,1352196,475072,20673.22,0,4197,502,11.46,2.8,1687.7,814949,0
191,513336,xiangcheng,252.109307,3,2,1170.333333,1279.666667,5018.666667,449171.4,1273297,454938.6,94556.45,0,4069,534,9.74,3.3,1759.2,500368,0
192,513337,daocheng,227.783423,3,3,1955.666667,905,3246.666667,413640.3,1202973,418627.6,112051,0,4178,637,8.99,1.8,1431.1,647729,0
193,513338,derogn,85.755912,3,2,1212.666667,972.6666667,3455,507943.3,1261418,452088,37577.31,0,3627,443,16.62,7.1,2838.3,185176,1
194,513422,muli,876.886542,13,12,1444.692308,872.4615385,3541.538462,377083.1,1126521,372165.9,110488.9,0,3488,841,12.54,5.4,2290.8,1305562,1
195,513423,yanyuan,494.1591541,34,31,1776.617647,2019.205882,3280.882353,296424.8,1020643,265654.9,70940.13,0.016309,2750,925,9.65,9.8,3630.8,858593,1
196,513424,dechang,144.3803573,20,17,3231.75,3403.45,5005.85,263660.7,957122.1,240285,2566.582,0,2267,1069,12.07,12.3,4531.7,226833,1
197,513425,huili,310.4427348,45,40,3295.266667,5204.422222,6021.133333,160564.8,893265.7,145618.2,11872.54,0,2045,1061,7.34,13.9,5100.7,488836,1
198,513426,huidong,194.2756771,38,35,3881.789474,4327.868421,5831.078947,174413.5,867081.6,145489.6,43762.07,0,2112,960,9.95,13.3,4884.9,320091,1
199,513427,ningnan,90.190844,18,16,3009.277778,1214.111111,4551.166667,228607.8,900528.3,198310.2,41232.11,0,1922,1036,12.23,13.6,4991.7,167491,1
200,513428,puge,88.2780087,14,13,2075.928571,1695.5,3288.428571,281462,947307.3,252712.6,33310.47,0,2490,1049,10.92,10.3,3804.4,189051,1
201,513429,butuo,61.76585733,15,14,1737.466667,1192.6,2794.733333,289038.4,927408.7,251924.2,62112.04,0.023159,2548,976,11.46,9.3,3479.7,168871,1
202,513430,jinyang,58.742945,15,14,1911.866667,700.6666667,2957.6,300135.7,911048.3,236565.7,55488.4,0,2201,854,13.48,11.2,4172,158625,1
203,513431,zhaojue,64.93424386,24,20,1570.541667,330.5416667,1978.875,322738.1,956484.8,244806.2,53954.61,0,2562,974,7.61,8.4,3154.1,262341,1
204,513432,xide,99.9975582,16,14,1455.5,1473.875,2582.9375,309646.5,1001486,250208.8,31819.69,0,2604,1042,8.12,9.3,3459.4,230630,1
205,513433,mianning,243.3043599,34,31,2160.647059,4218.323529,3386.323529,324883.4,1049518,290489.6,20017.03,0.018095,2737,1065,12.9,7.9,3080.3,441378,0
206,513434,yuexi,82.139974,28,24,1546.607143,1492.571429,2417.071429,267035.1,1026496,222945,37865.51,0,2615,1085,9.72,7.4,2861.2,226034,1
207,513435,ganluo,123.0279955,19,17,1353.736842,2888.421053,5328.947368,226772.3,1052267,202967.8,35027.71,0,2200,981,12.74,9,3407.2,214958,1
208,513436,meigu,92.64677,20,18,1696.25,573.2,1656.8,263763.1,984633.5,191302.3,82002.16,0,2572,890,9.47,7.6,2948.3,254402,1
209,513437,leibo,154.6080357,24,21,1783.416667,1674.541667,3123.25,273356.8,937326.2,168486.7,39699.34,0,1743,880,12.6,11,4084.4,268083,1
210,513621,yuechi,10.8480178,116,107,1400.732759,1390.655172,2720.275862,113622.9,1038174,116533.7,24114.93,0.004834,388,1109,1.06,16.4,5981.4,145759,1
211,513623,wusheng,6.5856759,83,72,1920.325301,2339.084337,3487.096386,98730.91,1024107,99511.8,9157.93,0.025226,300,1093,0.75,17,6203.2,98953,1
212,513624,linshui,62.0782152,99,78,1719.212121,1803.838384,2980.979798,96238.39,993882.8,103109.8,11728.51,0,497,1219,3.93,15.8,5771.7,190390,1
213,513721,nantong,158.8938942,74,66,1734.405405,612.5675676,2305.77027,279810.9,1113689,241305.5,59239.72,0,900,1260,7.17,13.3,4877.9,410307,1
214,513722,nanjiang,182.8007527,65,56,1930,1047.184615,2260.723077,286254.3,1147938,227482,78515.05,0,1062,1213,7.19,12.5,4629.3,341414,1
215,513723,pingchang,62.3350635,100,83,1339.79,836.68,1747.19,236748.8,1119398,242521.1,38454.37,0,561,1293,3.94,15.7,5753,222585,1
216,520202,panxian,205.7536711,116,100,730.7068966,5838.310345,3602.405172,216464.9,663115.9,98172.02,5525.537,0,1805,1383,4.71,13.2,4833.8,405981,1
217,520203,liuzhi,56.04172,65,52,716.4153846,1610.846154,2251.123077,139498.8,638970.3,32280.3,26779.98,0,1433,1401,4.48,14,5128.3,179198,0
218,520221,shuicheng,142.5883294,76,72,769.5263158,2358.052632,1901.473684,175285.4,700312.4,93645.33,61654.11,0,1754,1241,6.68,12.5,4595.6,397516,1
219,522102,chishui,132.3440539,30,23,1844.8,2694.533333,3598.7,127670,838952.8,92366.9,57187.16,0,771,1137,7.02,15.3,5585.2,185083,1
220,522121,zunyixian,343.1488002,117,111,1765.769231,2541.290598,3654.25641,102803.1,692241.5,13112.06,14462.72,0.009053,1001,1052,3.13,14.2,5195.5,508991,1
221,522122,tongzi,183.55203,67,57,1218.492537,1126.402985,2489.776119,125841.8,799649,88943.13,7265.228,0.004709,1110,1076,6.72,13.7,5001.5,319273,1
222,522123,suiyang,183.0538528,52,48,1722.711538,861.7115385,2030.769231,167162.7,759421.9,65138.2,39358.91,0.009353,1077,1063,5.08,13.7,5026.4,255991,1
223,522124,zheng'an,123.680763,61,56,1267.688525,314.0819672,1372.131148,138392.1,794179.4,105397.5,49236.73,0,1012,1058,5.94,13.8,5062.1,259327,1
224,522125,daozhen,121.0538013,33,30,1454.606061,474.7272727,1944.848485,124530.5,832979,127762.7,38858.96,0,1028,1058,7.79,13.7,5009,215885,1
225,522126,wuchuan,162.889469,43,41,1124.581395,366.2325581,1626.488372,165992.1,798521.8,150259,36935.79,0,968,1096,5.46,13.8,5055.7,277024,1
226,522127,fenggang,121.9008783,42,39,1350.666667,382.7142857,2016.857143,190383.6,725030.8,92580.17,3588.963,0.007411,868,1070,3.16,13.8,5063.7,188556,1
227,522128,meitan,134.7296119,48,44,1238.625,629.7083333,2022.708333,160833,712000.8,62965.64,1142.849,0.003761,955,1043,3.36,13.8,5072.9,186152,1
228,522129,yuqing,115.0915757,28,25,2439.071429,1223,3085.642857,130591.2,651105,91572.22,57037.08,0,864,980,3.93,14.2,5189.2,162878,1
229,522130,renhuai,119.7166967,62,55,1299.83871,8119.887097,5073.677419,157667.1,762253.3,54915,39169.73,0,937,1031,5.68,15,5517,226065,1
230,522132,xishui,176.5492382,68,61,1041.132353,1399.941176,2230.382353,136657.6,806065.6,93925.77,48436.7,0,1073,1064,5.98,13.9,5090,260883,1
231,522222,jiangkou,135.5818878,23,20,1645.130435,572.5217391,1850.086957,239247.8,683931.6,179569.9,56356.55,0.027113,782,1173,5.67,14.1,5172.2,187995,1
232,522223,yuping,19.3095097,14,12,1875.857143,5147.857143,5348.857143,241822.6,639030.4,207378.5,7313.184,0.009596,512,1107,1.81,15.6,5718.6,51658,1
233,522224,shiqian,134.4408246,39,37,1527.025641,352.2820513,1551.410256,165823.2,656244.6,119289,66923.67,0.00601,860,1013,4.66,14.3,5222.4,216849,1
234,522225,sinan,112.0552,64,59,1645.765625,890.625,1551.625,199975.1,706449.4,118872.2,32628.32,0.056476,708,1096,4.44,15.2,5580.6,222741,1
235,522226,yinjiang,99.24828196,42,39,1583.452381,273.7857143,1855.095238,240804.7,715491.3,163137.6,38984.66,0.009188,914,1102,6.04,13.6,4995.5,195974,1
236,522227,dejiang,108.154548,48,41,1865.5,509.75,1755.041667,216006.2,740950,130988.7,5012.807,0.033881,832,1118,4.4,14.3,5240.2,206902,1
237,522228,yanhe,122.9087081,58,55,1331.62069,494.8793103,1776.206897,214200.8,769849,168735.8,8865.304,0.019441,741,1115,5.66,14.8,5437.6,247024,1
238,522229,songtao,167.0669508,66,62,1316.242424,714.7575758,1793.484848,275198.8,677348.4,209136.9,34413.34,0.026517,709,1208,3.95,14.5,5319.3,286128,1
239,522230,wanshan,24.4647083,6,5,1217.666667,2454.166667,2794.166667,272561.9,637660.1,229471,15150.98,0,616,1137,3.54,15.5,5661.7,33887,0
240,522322,xingren,64.75129,48,44,1081.833333,1268.333333,1942.541667,195228.2,590352.6,75278.11,34803.06,0,1406,1339,3.1,15,5481.6,178387,1
241,522323,puan,65.7551472,30,28,969.5333333,1582.4,1646.4,192926,636144.3,70953.17,326.2928,0,1544,1390,4.94,14.7,5375.9,142950,1
242,522324,qinglong,62.361107,29,26,895.8965517,872.2068966,1584.206897,166752.9,629107.8,45334.44,6774.154,0,1226,1407,6.9,15.6,5728,132491,1
243,522325,zhenfeng,71.2564959,36,34,1228.472222,1693.527778,1888.5,164746.7,563213.2,59860.73,41559.16,0,960,1289,4.04,17,6243.8,150933,1
244,522326,wangmo,214.4807741,30,28,946,236.3333333,971,153013.4,517260.5,91002.43,36185.1,0.003329,879,1202,5.15,17.5,6400.6,300467,1
245,522327,ceheng,150.3212,23,21,1283.521739,450,971.9130435,212070.2,500259.3,128783.8,691.3127,0.003075,863,1233,4.83,17.7,6490.4,260003,1
246,522328,anlong,81.341583,43,40,1200.139535,1546.069767,2371.930233,203121.8,556816.7,93885.23,8535.341,0,1295,1258,3.02,15.4,5626.9,223673,1
247,522422,dafang,159.4454601,99,92,981.3636364,985.5757576,1691.555556,118209.5,718886.4,91401.27,21574.75,0,1551,1045,3.63,12.5,4593.1,355009,1
248,522423,qianxi,81.703219,85,75,1212.2,1621.576471,2709.035294,81986.55,686856.7,56220.82,670.0846,0,1292,984,2.68,14,5130.2,250343,1
249,522424,jinsha,121.4489705,61,50,1448.786885,3390.901639,2521.885246,112673.1,722175.4,61020.11,5504.581,0.00515,1104,998,3.62,13.9,5113,252660,1
250,522425,zhijin,112.449321,98,89,1050.244898,681.8673469,1549.938776,93797.88,652157.4,37609.96,42849.71,0,1507,1253,3.51,13,4754.3,286609,1
251,522426,nayong,115.647747,82,74,1012.219512,3119.597561,1482.731707,143269.5,705877.1,91557.09,44601.04,0,1682,1158,4.97,12,4408,244791,1
252,522427,weining,267.20301,116,106,996.2413793,698.2068966,1364.793103,243258.4,774214.9,150004,4420.63,0,2172,859,4.7,10.5,3853.5,629705,1
253,522428,hezhang,158.354151,68,64,1018.25,1011.220588,1212.5,215423.6,773975.2,163694.4,6858.824,0,1996,882,4.46,10.6,3878.3,324108,1
254,522502,qingzhen,67.777302,49,40,1315.612245,5290.469388,5881.591837,37809.45,638036.8,21330.04,351.5547,0.081989,1284,1105,2.22,13.9,5075.6,149124,1
255,522522,kaiyang,116.0430579,42,35,1654.190476,4643.619048,3756.47619,64423.56,652286.3,26617.3,24203.73,0.004935,1066,1035,3.43,14.5,5297.8,202673,1
256,522523,xifeng,45.603991,25,21,1466.56,7308.08,4396.92,65292.14,671213.8,6041.149,7071.556,0,1097,1013,3.72,14.1,5170,103318,1
257,522524,xiuwen,56.703707,29,26,1862.37931,3252.689655,4990.793103,35671.37,644835.1,6477.984,8393.072,0.095636,1281,1046,2.54,13.7,5015.4,107776,1
258,522526,pingba,30.735403,34,28,1086.764706,4008.058824,2856.764706,42179.43,604364.7,9318.844,18532.31,0.169169,1329,1174,1.34,13.1,4776.4,100124,1
259,522527,puding,22.355032,43,39,880.9302326,2262.27907,1578.72093,98889.53,637030.3,22439.88,27335.75,0,1365,1311,2.83,13.5,4961,109176,1
260,522528,guanling,69.510953,33,32,1341,1292.757576,1581.727273,140233.7,602551.9,18127.68,7165.239,0,1142,1342,5.56,16.1,5906,146556,1
261,522529,zhenning,95.6886304,35,30,857.4,1192.057143,2327.285714,117190.8,582977,23761.81,22358.53,0,1060,1283,3.38,16.1,5887.7,174488,1
262,522530,ziyun,167.722885,35,33,1111.942857,359.7142857,1132.771429,112358,560425.4,46427.34,46438.95,0,1157,1203,3.2,15,5510.1,228019,1
263,522622,huangping,78.85393492,36,33,1024.861111,225.75,1280.805556,122434,602116.1,117180.6,34305.18,0,901,1033,3.33,13.8,5043.6,166542,1
264,522623,shibing,102.2746237,16,14,1294.5625,1390.75,2480,148906.5,619839,131462.3,50627.86,0.007073,884,962,3.21,14.3,5254.7,155542,1
265,522624,sansui,73.170053,21,19,974.6190476,753.6190476,2181.428571,211038.3,595328.8,202046.8,11053.34,0.02998,748,1051,3.15,13.9,5112.2,103610,1
266,522625,zhenyuan,123.2497783,26,20,1665.538462,1477.230769,2607.038462,193679.1,615365.8,174711.2,16362.25,0.00531,787,1009,3.37,14.2,5210.2,187896,1
267,522626,cengong,81.6262767,22,20,1216.772727,970.5454545,1931.681818,206491.7,643404.4,168994,29196.5,0.022267,674,1090,2.87,15,5516,148430,1
268,522627,tianzhu,169.9217099,39,36,1100.74359,1011.435897,1765.128205,260689.3,587305.3,248545.6,39934.26,0.003657,547,1190,3.32,15.4,5655.7,218797,1
269,522628,jinping,102.6254124,22,20,875.9090909,841,2237.727273,239396.4,556351.6,239745.8,49676.31,0.015094,623,1209,4.45,15.2,5600.7,159222,1
270,522629,jianhe,152.8108262,24,22,1192.875,583.5416667,1600.791667,195205.2,565789.5,195025.3,17337.48,0.001469,823,1106,5.74,14.4,5284.9,203938,1
271,522630,taijiang,84.669899,15,13,1247.533333,735,2060.666667,156010.7,569396.1,156122,1014.773,0.005828,892,1088,4.52,13.7,5039.9,120270,1
272,522631,liping,283.082636,50,47,1094.2,516.76,1471.46,241186.6,506440.5,241755.5,40224.4,0.011659,697,1272,4.42,15.1,5525.5,445581,1
273,522632,rongjiang,212.4622478,33,30,1333.848485,347.8181818,1630.242424,184108.6,503713.6,184581.8,18690.9,0.011706,701,1207,5.29,15.7,5757.3,324732,1
274,522633,congjiang,200.473179,32,30,1513.71875,466.9375,1425.78125,214808.3,461594.8,215139.3,6524.387,0.008495,689,1214,6.3,15.7,5735.5,329626,1
275,522634,leishan,79.61272469,15,13,952.2,583.8666667,1744.6,143017.2,537441,143584.3,25015.93,0,1166,1224,6.62,13.3,4867.8,120718,1
276,522635,majiang,54.30747588,23,19,1062.782609,934.9565217,1473.478261,90192.02,565002.3,90801.52,2812.246,0,950,1247,2.8,14.1,5180.2,123553,1
277,522636,danzhai,54.495592,16,15,1202,703.375,1614.5625,129223.9,525692.3,129655.1,10522.32,0.07618,887,1273,4.41,14.8,5429.6,93222,1
278,522722,libo,132.24597,17,15,1278.941176,1483.058824,2618.882353,177834,443415.7,177804.4,50060.22,0.003296,780,1194,2.95,16.4,6004.7,242965,1
279,522723,guiding,53.92211207,28,23,1252.571429,3699.964286,3171.964286,52977.19,577572,53505.55,8314.157,0.092581,1206,1103,3.64,14,5103.8,163218,1
280,522725,weng'an,119.3235832,45,41,1398.111111,1420.622222,2056.4,88696.65,635430.3,66160.14,64283.32,0.001529,1061,1028,2.93,14,5132.3,196102,1
281,522726,dushan,130.16344,35,31,1527.142857,592.7142857,1934.285714,135191.2,480619.9,135123.3,45793.55,0,993,1239,2.25,15,5491.4,244287,1
282,522727,pingtang,167.1577116,31,30,1139.903226,476.6774194,1621.903226,92499.12,517162.8,92194.17,40073.54,0,982,1212,3.21,15.3,5619.3,281947,1
283,522728,luodian,183.0080351,33,30,1452.212121,926.9393939,2018.272727,126593.1,499426.4,113206.4,2746.464,0,742,1183,4.85,17.7,6495.4,301097,1
284,522729,changshun,97.466494,25,23,1206.08,802.72,2066.6,70760.38,567229.1,46268.38,17199.56,0,1242,1218,2.01,15.1,5517.3,155293,1
285,522730,longli,82.42842167,21,19,1111.380952,5577.333333,2763.47619,25356.76,594691.3,25924.19,7311.053,0.024787,1302,1068,2.92,13.2,4830,152227,1
286,522731,huishui,153.9354918,43,39,1494.418605,1101.674419,1856.790698,62543.16,552030.3,61498.15,8712.245,0.020284,1150,1176,2.14,14.8,5419.4,246138,1
287,522732,sandu,143.04545,32,31,1258.625,228.34375,1663.125,143293.8,494316.1,143518.5,12090.98,0.00922,753,1252,4.55,16.2,5928.9,237966,1
288,530121,chenggong,12.5020556,16,13,4646,9453.3125,14900.375,24636.95,747611,10501.96,391.7391,0,2046,965,2.48,13.9,5110.9,46643,0
289,530122,jinning,58.4129626,28,22,2599.25,4886.107143,4641.857143,47884.05,756703.3,36038.04,4251.965,0,2079,888,3.27,14,5143.5,123025,0
290,530123,anning,70.458795,27,12,1983.333333,18862.96296,15887.18519,39299.56,789858.3,10938.34,9318.248,0,2027,950,3.32,13.9,5116.3,131473,0
291,530124,fumin,44.9496853,14,12,2449.071429,4503.857143,3114,43637.71,804783.2,41788.45,5923.511,0,2020,895,6.04,13.4,4919.4,97300,0
292,530125,yiliang,98.3291556,41,37,3943.731707,3463.682927,6943.560976,43706.07,727507.7,1172.486,1280.822,0,1839,895,3.97,13.8,5066.8,188283,1
293,530126,lunan,71.76153023,24,21,2310.583333,2056.625,4896.208333,77332.17,693347.2,13718.48,9721.506,0,1925,934,1.87,13.4,4924.7,168515,0
294,530127,chongming,59.0066462,35,32,1825.2,2959.714286,3244.914286,41463.38,757323.5,146.3128,2542.217,0.010486,2134,949,3.19,13,4764.2,133690,1
295,530128,luquan,259.00963,46,43,1601.282609,803.826087,2314.782609,101173,829696.7,79609.97,46422.99,0,2201,891,8.43,12.8,4680,425596,0
296,532122,ludian,58.2776866,40,38,939.15,1468.65,1712.375,245813.3,852014.8,188324.9,11793.4,0,2137,824,8.11,11.1,4078.6,148292,0
297,532123,qiaojia,119.707514,54,50,1179.259259,587.2407407,1361.37037,225499.8,868918.5,183552.5,48151.6,0,2166,907,12.04,12.1,4437.4,319175,1
298,532124,yanjin,111.10403,38,36,894.5526316,1237.105263,1588.236842,274882.9,885305.3,141433.7,24404.96,0,1017,1044,7.81,14.2,5227.8,201468,1
299,532125,daguan,98.662421,27,25,1033.444444,816.7037037,1282.740741,304013.1,888089.6,175206.6,1190.227,0,1611,948,10.03,11.6,4247.3,172578,0
300,532126,yongshan,109.88093,43,39,1137.162791,1190.790698,1842.139535,293804.8,917278.9,180917.5,26658.1,0,1836,885,10.95,10.9,4044.8,277902,1
301,532127,suijiang,36.88168711,16,14,836.5625,798.75,2444.9375,239617,935850.5,119694.2,875.0449,0,1019,957,9.17,13.9,5082.1,75313,0
302,532128,zhenxiong,180.719958,134,129,791.1865672,323.4925373,998.9029851,216222.8,800434.1,185637.2,46380.35,0,1584,962,5.24,11.8,4318.7,369820,1
303,532129,yiliang,149.889708,55,53,933.6909091,780.9090909,1317.272727,277881.8,844896.4,196670.5,26419.01,0,1653,879,6.64,12,4388.9,280359,0
304,532130,weixin,73.07784567,40,36,682.55,630.8,1593.4,219412.7,818427.3,157848.1,40148.09,0,1221,1107,5.58,12.6,4626.6,139260,0
305,532131,shuifu,23.25468595,10,80,1079,13756.3,6389.1,247760.4,916466.8,113230.5,19382.75,0,1024,1022,8.16,13.8,5072,34625,0
306,532223,malong,73.3323837,20,17,1629,2101.8,3211,91601.87,720144.8,3485.427,5462.692,0,2067,951,1.6,13.8,5033.2,173560,0
307,532224,yiwei,237.0176727,142,128,1219.014085,2648.077465,2817.767606,205424.6,738025,101988.4,9238.93,0.019297,2063,1000,4.33,12.7,4646.8,606016,1
308,532225,fuyuan,110.8354047,74,65,1731.351351,4239.283784,3474.77027,163241.6,674472,44090.05,10817.75,0,1988,1335,3.78,12.7,4659,323817,1
309,532226,luoping,65.3875798,57,50,1927.157895,3427.578947,4136.77193,163680.7,629471.8,75277.16,9745.348,0,1667,1491,3.89,14.4,5256.2,302888,1
310,532227,shizong,112.622223,39,35,2108.25641,2815.102564,3476.435897,142594.3,632154.2,79712.59,5797.805,0,1674,1222,3.61,14.7,5368,274811,0
311,532228,luliang,55.0746386,62,53,2729.112903,2878.096774,3950.83871,101562.8,683948.8,43628.66,3316.489,0,2010,1070,2.02,13.1,4801.1,204016,0
312,532231,xundian,175.7714907,52,48,1434.115385,892.4038462,2243.653846,88551.06,771039.2,40661.01,9922.357,0.010819,2224,889,5.25,12.7,4664.3,388505,1
313,532233,huize,185.303398,95,87,864.7894737,3583.463158,2585.126316,180058.8,799126.5,116815.5,13270.45,0.012246,2270,787,6.63,12,4412.6,587700,1
314,532301,chuxiong,249.2987923,50,36,1999.5,9420.78,8861.84,140813,890648.7,27732.64,20396.19,0,1890,899,6.94,14.9,5468.7,418836,1
315,532322,shuangbai,283.7315247,16,14,2011.875,755.125,2168.9375,113901.2,843924.9,40965.25,6503.726,0.006578,1653,911,7.81,16.3,5990.5,411435,0
316,532323,muding,77.312002,20,19,1991.75,1384.05,2698.25,117234.3,886712.3,40300.9,34887.67,0,1950,804,3.89,14.8,5417.8,146401,0
317,532324,nanhua,163.6323418,24,22,1980.416667,1068.666667,2505.541667,166285.3,928241,53855.97,3694.262,0,2071,846,5.79,14.1,5166.2,227080,1
318,532325,yaoan,100.0286284,21,19,2137.047619,1540.714286,2799.047619,157021.1,926200.2,65235.23,33716.86,0,2183,752,4.6,13.7,5018.6,172800,0
319,532326,dayao,306.2693985,28,25,1805.535714,2908.035714,3155.357143,165675.7,935364.6,89285.59,46922.56,0.002707,2140,786,7.47,14,5129.1,405815,0
320,532327,yongren,163.7490034,11,9,2146.454545,1426.363636,3237.090909,159980.3,924129,108261.5,9624.617,0,1855,869,5.84,15.7,5741,213427,1
321,532328,yuanmou,63.75205033,21,19,2254.047619,976.4285714,2863.666667,122673.9,888987.7,79714.98,3573.174,0,1548,730,5.85,17.8,6532.2,203785,1
322,532329,wuding,191.7490027,27,25,1948,1161.444444,2700,101774.3,859866.4,89981.25,18722.76,0,2118,842,5.96,13.6,4995.6,292485,1
323,532331,lufeng,209.0632527,42,34,2595.238095,3992.47619,6695.833333,72080.66,840622.4,27993.63,6145.81,0,1910,872,4.07,14.2,5221,354413,1
324,532422,jiangchuan,31.10268055,27,25,2628.074074,3466.518519,5157.481481,73312.23,733308.7,64580.61,23011.37,0,1900,875,3.2,13.8,5044.6,81920,1
325,532423,chengjiang,26.0168115,16,14,2318.375,4376.8125,5717.125,50789.59,730226.9,36312.63,20444.08,0,1938,907,4.49,13.9,5095,74639,1
326,532424,tonghai,31.007712,28,24,2266.535714,4372.464286,4994.428571,103745.1,726913.3,92711.82,26257.97,0,1905,881,3.94,14,5148.2,71454,0
327,532425,huaning,58.11391297,21,18,2648.380952,2501.952381,5138.47619,85444.66,708877.6,64980.2,44918.92,0,1813,885,6.47,14.4,5301.7,122489,1
328,532426,yimen,101.631648,17,14,2262.647059,4416.588235,7334.411765,70055.52,809713.6,24965.78,26067.88,0,1880,854,6.28,14.4,5270.2,149048,1
329,532427,eshan,119.4904631,15,12,2288.333333,5231.133333,7079.4,108363.1,778509.2,86105.46,7358.103,0,1729,899,5.31,15.1,5527.7,192958,0
330,532428,xinping,307.01232,27,24,1803.333333,4945.851852,5545.555556,143284.6,819219.6,95962.88,18576.77,0.048322,1507,936,8.39,17,6214.3,425986,1
331,532429,yuanjiang,170.4482635,20,18,2793.9,2297.3,4502.45,171702.3,783731.1,144690.4,533.5144,0.021386,1384,909,8.43,17.8,6514.4,271025,0
332,532501,gejiu,79.1408247,39,17,1011.128205,11996.10256,8952.846154,211780.7,631574.1,167174.5,23428.52,0,1587,1164,8.29,16.8,6152.6,141085,0
333,532502,kaiyuan,97.25916,26,16,2247.538462,9074.769231,9558.461538,156322.2,651066.9,118525.7,4537.036,0,1617,845,4.69,16.1,5875,194969,0
334,532522,mengzi,109.3439492,34,27,1927,3706.441176,5873.794118,201517.8,625960.8,163625.8,31067.89,0,1657,1059,3.96,15.9,5837.3,231317,1
335,532523,pingbian,84.53573233,15,13,1405.2,1453.466667,2378.8,237562.6,588101.9,193972.4,65416.91,0,1365,1537,8.78,16.6,6065.1,185031,0
336,532524,jianshui,231.28845,51,44,1637.333333,2358.784314,4125.058824,143857,698989.1,127734,10566.79,0,1606,911,4.5,16.4,6030,380708,1
337,532525,shiping,175.236532,30,27,2323.066667,1376.3,2289.8,145927.2,745887.4,128828.9,1623.107,0,1681,953,6.95,16,5871.6,301601,1
338,532526,mile,197.892375,51,44,1334.470588,13809.45098,3791.039216,104265.2,675914.8,59356.2,10162.71,0,1617,884,3.86,15.9,5808.4,393453,0
339,532527,luxi,64.8161216,39,35,1378.846154,1476.717949,2568.692308,121425.3,648509.6,58496.48,35367.9,0,1853,982,3.79,13.7,5018,164162,1
340,532528,yuanyang,125.8469493,38,36,1049.368421,538.5,1700.631579,215167,685492.1,198233.5,56706.89,0,1270,1615,10.59,17.9,6549.8,220968,1
341,532529,honghe,123.181144,27,27,1395.037037,365.0740741,1548.037037,199115.7,747763.3,181255.3,41693.31,0,1546,1375,7.98,16.7,6128.5,203446,1
342,532530,jinping,229.292263,33,30,972.5151515,1496.575758,1415.030303,249114.4,665863.1,227896.9,84553.59,0.008933,1211,1992,11.97,17.8,6510.2,360803,1
343,532531,luchun,190.6002523,21,20,942.8095238,622.6190476,1515.380952,244943.1,744925.3,227317.3,69088.26,0.000649,1360,1880,9.73,18,6605.4,309377,1
344,532532,hekou,96.23738,9,4,2190.333333,2308.222222,6994.555556,269117,583297,228830,95595.7,0,736,1712,9.43,18.3,6679.9,133045,0
345,532621,wenshan,151.980875,45,36,1672.111111,4852.088889,7300.222222,225402,570073.4,173437.6,28717.4,0,1614,1077,3.34,15.5,5667.8,298365,1
346,532622,yanshan,215.8351336,46,42,1517.065217,2267.913043,3058.73913,225684.6,552362.6,167257,4048.041,0,1575,1027,2.05,15.9,5809.4,383268,0
347,532623,xichou,80.27525,25,23,1307,422.76,2084.88,274921.6,506188.3,216272.4,40101.34,0,1360,1103,4.18,16.4,6017.9,150183,0
348,532624,malipo,139.5995584,28,26,1485.214286,1746.75,2485.178571,299505.4,483716.5,240867.9,55602.27,0,1228,1144,8.51,16.7,6125.9,232332,1
349,532625,maguan,144.3723635,36,32,1521.444444,2163.5,3481.166667,274876.9,539491.9,224843,67868.44,0,1360,1336,7.03,15.4,5648.6,267043,1
350,532626,qiubei,272.6523657,47,43,1433.723404,423,1722.170213,170048.8,601500.8,109354.4,44963.59,0,1606,1026,3.8,15.7,5740.2,507815,0
351,532627,guangnan,480.026619,77,74,1402.415584,516.987013,1565.909091,254575.1,515742.6,191166.3,29519.01,0,1337,1084,3.51,16.9,6190,775075,0
352,532628,funing,415.8773288,40,37,2.1,1817.45,4017.975,269602,418609.7,252473,2540.284,0,948,1219,5.34,18,6583.3,527141,1
353,532701,simao,313.112901,21,12,1616.619048,4420.904762,9757.666667,321741.2,873756.9,270518.5,4455.585,0,1269,1458,5.38,18.1,6627.5,387949,0
354,532722,puer,308.348323,19,15,2281.526316,1657,4078.210526,277597.4,847348.4,230107.4,12017.71,0,1436,1458,6.48,17.2,6297.8,366768,0
355,532723,mojiang,376.232068,36,30,1144.972222,1017.888889,2246.25,210460.1,825608.2,165305.5,12294.63,0,1379,1298,7.49,17.7,6504.8,530659,0
356,532724,jingdong,359.5546515,36,33,1817.527778,1021.888889,2501.194444,205067.8,924251.1,101330.3,31993.71,0,1742,1094,7.95,15.3,5614.6,446184,0
357,532725,jinggu,609.023892,30,26,2283.666667,2350.666667,3189.9,282242,917370,205876.9,10466.72,0,1385,1309,6.26,17.4,6374.8,751572,0
358,532726,zhenyuan,347.7053948,21,18,1442.952381,733.3333333,2386,218155.1,890149.7,140368.5,46477.65,0,1646,1153,7.3,15.9,5844.4,413898,0
359,532727,jiangcheng,266.413397,10,10,2567.6,1766.7,4148.1,280617.6,788686.3,252513.8,70892.62,0,1147,1917,7.5,18.3,6701.9,340344,0
360,532728,menglian,117.843636,12,11,1780.583333,1325,2952.75,446259.2,1016876,366773.1,52117.93,0.007407,1259,1460,7.57,17.6,6441.9,189698,1
361,532729,lanchang,563.2274674,48,39,1117.041667,1042.729167,1517.604167,375297.3,965204.7,299458.1,18057.52,0,1468,1449,6.83,16.6,6091.9,859277,1
362,532730,ximeng,70.8576116,9,7,824.5555556,533.2222222,118134.5556,415924,1019170,330520,30373.79,0,1321,1468,9.35,17.5,6427.2,135080,1
363,532801,jinghong,520.66894,38,22,3901.210526,3323.947368,7021.684211,373591,865824.8,328863,2539.668,0.031914,1012,1333,4.98,19,6974.7,697231,0
364,532822,menghai,356.83827,30,25,1707.6,2006.166667,5301.566667,411522.2,926492.5,353532.9,8047.753,0.01011,1332,1319,6.35,17.2,6286.7,535094,0
365,532823,mengla,501.43257,21,12,5248.904762,2704.238095,5227.190476,375038.8,807538.9,344668,62079.39,0.035113,991,1500,6.37,18.9,6945.1,684587,0
366,532901,dali,58.3473566,60,44,1693.333333,8429.233333,10979.78333,263605.9,1030215,156479.9,3837.909,0.145184,2320,1052,6.49,12.7,4659.2,141202,0
367,532922,yangbi,108.9222501,10,9,1951,2041,2587.4,283832.3,1047173,172842.4,5475.642,0,2172,972,8.82,13.6,4996.8,186618,1
368,532923,xiangyun,131.0300677,46,44,2252.630435,2694.956522,3237.695652,200266.6,967750.3,96357.55,16378.98,0.016851,2132,736,4.09,14.1,5152.6,243342,1
369,532924,binchuan,143.59759,33,30,4190.424242,1426.787879,3706.818182,230360.2,1000105,134765.2,47175.84,0.019329,2063,693,7.6,14.1,5156.9,254163,1
370,532925,midu,84.701144,32,30,1461.15625,1068.1875,2299.84375,215854.6,973002.9,100742.5,53.55579,0,1981,822,5.99,14.3,5233.9,150663,0
371,532926,nanjian,114.6200232,22,21,1903.636364,481.0454545,2887.181818,230910,977341.5,114784.1,3643.607,0,1945,957,7.7,14.5,5296.5,175232,0
372,532927,weishan,129.941242,31,28,1889.774194,943.4516129,2272.258065,257496,1014080,142592.9,26707.42,0,2049,877,7.19,14.3,5228.4,218494,1
373,532928,yongping,179.40145,18,14,2516.666667,1083.333333,2803.5,318696.6,1076455,204676,2473.856,0,2028,990,7.18,13.5,4963.9,279860,0
374,532929,yunlong,339.6441284,20,19,1788.65,1380.2,2760.55,360007.6,1126163,251827.9,58468.18,0,2411,912,9.88,10.7,3930.7,458299,0
375,532930,miyuan,138.14576,28,26,2122.5,1267.285714,2757.107143,303381.7,1066660,194838.5,11288.11,0.081483,2533,767,7.73,11.1,4066,287854,0
376,532931,jianchuan,130.506574,17,16,1356.705882,2211.764706,2370,334117.7,1103954,239590.6,12266.83,0.085714,2765,799,7.03,8.9,3309.7,224364,0
377,532932,heqing,91.167428,27,25,1399.074074,1712.777778,2168.222222,285424.7,1054840,196397,28347.57,0.068162,2234,810,8.26,12.9,4741.9,231429,1
378,533022,shidian,88.528728,33,31,1667.212121,523.5757576,2310.818182,357914.7,1087263,242426.7,21048.73,0.001022,1694,1285,8.33,14.9,5439.6,195266,0
379,533023,tengchon,379.9330009,63,58,1709.555556,1385.31746,3474.238095,432908.2,1181132,317293.4,75922.12,0,2028,1360,7.33,12.1,4443.5,570405,1
380,533024,longling,146.106029,28,25,1708.214286,1722.142857,2841.071429,393336.1,1115530,278341.8,14493.37,0.003939,1691,1698,7.62,14.3,5235.8,279508,1
381,533025,changning,220.87798,34,31,2278.823529,1306.558824,2911.176471,321310.5,1055596,205622.7,48465.77,0.001848,1661,1173,6.76,15.3,5574.5,378506,1
382,533102,ruili,48.3343312,12,8,2878,2393.75,10276.5,510877.4,1210228,397512.6,28256.72,0.202813,1053,1496,6.46,18.1,6623.5,86222,0
383,533121,luxi,162.724183,35,28,2097.428571,1627.514286,4215.942857,447003.4,1155711,333184.6,8744.754,0.075102,1332,1689,7.54,16.7,6098.9,292912,1
384,533122,lianghe,66.4225647,16,15,1009.875,850.375,2100.125,446376.1,1176654,330301.7,42344.23,0,1465,1540,6.7,15.3,5603.7,113430,0
385,533123,yingjiang,298.758694,27,24,2045.444444,1904.37037,3422.851852,477963,1213097,361721.3,76904.93,0.078262,1573,1592,7.95,14.8,5442,431029,1
386,533124,longchuan,111.1337487,18,14,2264.055556,2073.722222,2122.166667,481371.8,1197941,366183.9,31678.04,0.091984,1366,1665,6.08,16.1,5894.4,186862,1
387,533221,lijiang,464.69642,21,20,1737.52381,1235.809524,37416,323668.2,1087422,248211.1,18177.73,0.048496,2810,893,10.38,9.2,3412.8,748729,1
388,533222,yongsheng,313.65208,39,36,1367.358974,1033.820513,2144.487179,266269.2,1030774,194553.7,71597.08,0,2176,877,9.68,13.6,4983.5,490494,1
389,533223,huaping,150.8686,15,12,1584.066667,4317.533333,4575.533333,236535.9,991391.4,185042.2,75852.22,0,1828,1073,7.55,15.8,5770.9,214875,0
390,533224,ninglang,452.72812,25,23,1009.68,811.52,1917.08,321752.5,1069543,267985.5,71267.89,0.016493,2890,927,8.89,9.1,3366.2,605648,1
391,533321,lushui,143.0039708,16,13,999.25,1561.5,4863.1875,406306.1,1172283,297882.2,86904.53,0,2366,1133,15.35,9.8,3628.9,286702,0
392,533323,fugong,197.04142,10,8,864.5,1117.7,1803,443746.8,1213112,349799.9,107260.1,0,2680,1126,17.09,8.8,3316.1,273854,0
393,533324,gongshan,303.14629,4,3,1332.75,1342.25,3205,534863.1,1298621,450707.5,63675.46,0,3089,1469,17.32,6.6,2611.5,439362,0
394,533325,lanping,292.926115,20,18,880.25,10615,3203.6,382963.4,1152831,286774.4,58666.07,0.008663,2803,952,10.71,8.3,3120.8,438834,1
395,533421,zhongdian,700.9137,14,11,1844.071429,6925.714286,11207.71429,436452.7,1186779,371330.8,17192.22,0.02445,3552,694,10.89,5.2,2237.1,1128996,0
396,533422,deqin,431.784611,6,5,1332.5,2875.5,5884.5,537338.8,1289925,465534.8,1119.596,0.012031,3610,734,14.6,5.3,2335.4,738960,0
397,533423,weixi,325.09097,15,13,1536.533333,1417.933333,3997.866667,432908.2,1198923,347847.9,61022.93,0.000893,2967,1107,11.98,7.6,2916.6,447496,1
398,533521,lincang,140.1920263,28,23,1602.75,1376.535714,4198.607143,288165.4,972745.7,188831.9,4430.89,0,1818,1145,7.29,15.1,5506.9,256086,1
399,533522,fengqing,158.592696,43,39,1517.162791,829.627907,1901.813953,283155.2,1012596,168948.1,28791.36,0,1852,1163,8.44,14.8,5407.8,359480,0
400,533523,yunxian,164.7279307,41,38,2011.439024,3235.292683,2824.02439,258966.5,975518.9,149879,7315.299,0,1716,1055,8.52,15.6,5686.6,366833,1
401,533524,yongde,163.98839,33,31,1410.848485,937.4848485,1745.181818,351504.1,1053888,241433.2,65316.71,0.001697,1593,1359,8.71,15.8,5779.5,293966,1
402,533525,zhenkang,148.629428,16,15,1822.8125,1883.625,2879.1875,407067.7,1091828,299043.7,77216.2,0.001572,1478,1578,9.61,15.9,5810.9,254260,0
403,533526,shuangjiang,99.4640262,17,15,1796.294118,1060.529412,2346.823529,341089.9,988449.3,249508.8,11146.14,0,1651,1081,7.68,16,5858.9,216119,1
404,533527,gengma,175.751796,26,22,2760.307692,1567.269231,3142.461538,388893,1054360,286977.1,48238.23,0.033387,1415,1305,8.09,16.6,6072,371663,1
405,533528,cangyuan,149.593777,16,14,1619.125,1303.25,2605.625,404097.5,1046813,307758.2,39983.73,0,1448,1378,9.17,16.5,6044,243353,1
